<?xml version="1.0" encoding="UTF-8"?>
<root>
  <item name="com.ido.reactnative.baidumap.BaiduMapEvent BaiduMapEvent(int, long, int) 2">
    <annotation name="android.support.annotation.IntDef">
      <val name="value" val="{com.ido.reactnative.baidumap.BaiduMapEvent.ON_ERROR, com.ido.reactnative.baidumap.BaiduMapEvent.ON_LOADED, com.ido.reactnative.baidumap.BaiduMapEvent.ON_CHANGE_START, com.ido.reactnative.baidumap.BaiduMapEvent.ON_CHANGE, com.ido.reactnative.baidumap.BaiduMapEvent.ON_CHANGE_END}" />
    </annotation>
  </item>
  <item name="com.ido.reactnative.baidumap.BaiduMapEvent BaiduMapEvent(int, long, int, com.facebook.react.bridge.WritableMap) 2">
    <annotation name="android.support.annotation.IntDef">
      <val name="value" val="{com.ido.reactnative.baidumap.BaiduMapEvent.ON_ERROR, com.ido.reactnative.baidumap.BaiduMapEvent.ON_LOADED, com.ido.reactnative.baidumap.BaiduMapEvent.ON_CHANGE_START, com.ido.reactnative.baidumap.BaiduMapEvent.ON_CHANGE, com.ido.reactnative.baidumap.BaiduMapEvent.ON_CHANGE_END}" />
    </annotation>
  </item>
  <item name="com.ido.reactnative.baidumap.BaiduMapEvent java.lang.String eventNameForType(int) 0">
    <annotation name="android.support.annotation.IntDef">
      <val name="value" val="{com.ido.reactnative.baidumap.BaiduMapEvent.ON_ERROR, com.ido.reactnative.baidumap.BaiduMapEvent.ON_LOADED, com.ido.reactnative.baidumap.BaiduMapEvent.ON_CHANGE_START, com.ido.reactnative.baidumap.BaiduMapEvent.ON_CHANGE, com.ido.reactnative.baidumap.BaiduMapEvent.ON_CHANGE_END}" />
    </annotation>
  </item>
</root>

